hash,GameName,characters,nameError,date
395437931295,DOOM,Zoe,GÔÖP:968,1146-07-14
1670741742749925,NHL 21,Zoe,AAUT:84,1505-09-24
1670745424814680,Sims 4,Zoe,MNSÒ:598,0942-04-09
23638935559678170,DOOM,Amelia,ÒÖÝÂ:648,1770-01-03
23775642790403952,F1 2020,Mia,ÔÔEÃ:853,0993-06-19
23775642790403952,F1 2020,Mia,ËNÊI:481,1473-04-10
25278819081595930,Sims 4,Luna,ÒMKD:753,1056-05-27
228794659123111555,Sims 4,Jack,SLHL:37,1391-04-26
290326152629498795,DOOM,Nathan,ÊYÅÙ:55,1580-05-20
521668610830502180,Sims 4,Lily,ÎÙÀÈ:804,1131-08-07
1538554256601590507,FIFA 20,Aria,CMJÆ:367,1458-06-19
1597881018533934257,FIFA 20,Mila,PßÓG:488,1630-02-22
1619828292800262382,FIFA 20,Emma,ÍTÚÒ:752,1189-06-16
1640839241539481132,FIFA 20,Anna,ÎÉYF:759,0911-12-25
1724065449611817029,Control,Nora,QTËÍ:221,0962-10-21
4059949405508171800,NHL 21,Isaac,NAÁJ:693,1964-04-03
5578521970230470930,Sims 4,David,ÂKÏE:318,1858-10-13
7058625497059132796,Terraria,Zoe,UJÇÈ:255,1608-03-21
18958934808458685202,F1 2020,Owen,ÆUJB:433,1193-08-09
18958934808522528007,FIFA 20,Owen,ÁFÉÔ:650,1018-02-06
20309809114238015807,Fortnite,Leo,RNPQ:790,1320-08-11
32418100611964473279,Control,Alex,IÓDÅ:453,0926-08-21
100005724193189992171,Terraria,Aria,ÄÚÎH:212,1464-09-28
105288805560643996494,Hitman 3,Emma,ÅYÙØ:659,1100-05-09
449739019346837606132,FIFA 20,Sadie,XÍAß:582,1610-12-25
457984508917307363904,Control,Chloe,HGÎD:646,1277-12-23
458812858560093555221,Overwatch,Zoe,CKÜÈ:14,1371-08-17
458816695590937387899,Minecraft,Zoe,KÛÎÙ:500,1795-10-09
458816695590937387899,Minecraft,Zoe,×ÆSF:835,1345-04-25
458829100038034928897,Far Cry 6,Zoe,MSTÓ:134,1362-02-17
701618976417740924055,Sims 4,Elijah,SOÐV:944,1816-10-05
1226628139786476817029,Control,Ethan,FXFÚ:800,1214-10-08
1226628142924761496757,FIFA 21,Ethan,FÉYK:676,0974-10-14
1237646511607624674055,Sims 4,Justin,ÔTÁÛ:796,1442-03-20
1582209476734882562425,NHL 21,Harper,ÒÚÞÄ:52,1074-01-05
2204049865168794037435,NBA 2K21,Lily,ÏÀÀÏ:857,1474-07-26
2212220462941885106132,FIFA 20,Henry,ÃÀÕE:300,1446-03-23
6483982218084335695296,Terraria,Sofia,FÓVÄ:586,1652-02-07
6500378110839443247274,Minecraft,Aria,ÓÊØX:211,1233-01-09
6520379980073735286908,God of War,Gia,UÇÏÂ:975,0940-09-17
6528820493901576058465,Diablo III,Mia,×MßÚ:340,1029-11-11
6751045447161067350772,Far Cry 4,Mila,ÒOËN:538,1868-08-23
6843772043641667094380,Destiny 2,Emma,ÂËÏS:781,1137-02-03
6843772680562425333797,Fallout 4,Emma,ÐR×E:686,1879-08-28
6843772680936303678897,Far Cry 4,Emma,MGWÀ:865,1469-08-27
7284179028363738169149,Minecraft,Nora,YWLÝ:517,1653-03-24
29243798185997149064680,Sims 4,Natalie,QQÕÅ:479,1042-03-23
29768993294262160793369,Hitman 3,Chloe,LÊLÄ:654,1433-01-12
29822818548954511512086,Elden Ring,Zoe,LÉÐÞ:439,1001-05-01
29822945047858158758816,The Medium,Zoe,ÛTÜR:807,0934-05-06
29822959538481168840735,Spider-Man,Zoe,NDÒR:205,1798-12-26
45610718633429605715507,FIFA 21,Hannah,ÈMÎÐ:916,1416-09-14
46911327670916783762382,FIFA 21,Joseph,AMÖS:952,1751-04-22
62832717657954872852096,Overwatch,Jack,JLÊÊ:25,0933-06-07
62832717657954872852096,Overwatch,Jack,LÆAË:55,1327-06-15
68706054822210352840507,FIFA 20,Daniel,ÜDÛÜ:895,1792-10-10
79730819667626206575827,F1 2020,Nathan,ÝFÔD:752,2018-09-25
80101485683172868175406,Outriders,Owen,DNZN:872,1701-11-21
80970356737026849734557,Fortnite,Mason,XYÅÐ:325,1266-08-11
80970356807760360200872,Among Us,Mason,ÚÊGÉ:654,1039-12-03
102838390306033777631185,NBA 2K21,Tyler,ÐDIT:161,1407-02-09
102843615988446133543632,FIFA 20,Harper,CBÁX:256,2018-02-23
108164166009188232857122,Among Us,Lucas,VFÐC:487,1889-07-11
136966477329771174816031,Outriders,Alex,GOÄÑ:103,1355-11-26
142404431469185034191031,Outriders,Ruby,ÇYÙÈ:68,1827-08-07
142491827056138102507022,Far Cry 4,Lucy,LÄJJ:282,1324-08-20
142654121461546030617171,Terraria,Riley,ÆOPD:370,1213-02-03
142654121719878735834310,NBA 2K21,Riley,MÍSÜ:346,1353-07-11
421634598827567737544622,Among Us,Sophia,TÕÝV:271,1060-10-18
421634599005420458058994,Hitman 3,Sophia,ÝHÐÍ:620,0921-06-17
421969773886254869679671,Terraria,Amelia,ÔÄGJ:803,1661-03-12
421969774155269410012119,Hitman 3,Amelia,QÂÇM:780,1501-08-18
421991800210153149382022,Far Cry 4,Julia,EWXU:87,1200-09-16
424351142039322561420281,Outer Wilds,Mia,IÄÔD:348,0936-10-22
439033951814996814968932,Fortnite,Stella,ÒSIT:51,1272-04-04
439033951814996814968932,Fortnite,Stella,ØGWW:665,1495-11-21
439033952063583045949619,Hitman 3,Stella,ÂHCT:49,1249-12-10
473471511168713219621985,Spider-Man,Nora,ÍÒÞÐ:948,1813-10-07
497595197205776125873406,Outer Wilds,Eva,JGÕN:300,1139-08-16
1865779399526933038867721,Overwatch,Grace,M×UÞ:328,1449-02-08
1865779403363963882700399,Minecraft,Grace,ÅIÊS:405,1134-02-10
1865779415768410980241397,Far Cry 6,Grace,GFOÁ:469,1391-02-04
1900147339280055765430221,Overwatch,Sadie,ÝNÒN:281,1044-09-13
1900516955402223974506185,NBA 2K21,Sophie,BÌÌR:667,1193-01-12
1934984552679377423716024,Minecraft,Chloe,LBOE:136,1205-01-03
1938497829735275089775553,Ghostrunner,Zoe,EXLÀ:354,1680-06-02
4084126630509615165808961,Elden Ring,Jack,JKÝB:943,0940-10-26
4466942315647834115750182,Fortnite,Samuel,RÓÜÉ:770,1486-01-08
4466942315718567626216497,Among Us,Samuel,ÕÂYÓ:214,1398-11-16
4487936269723729918728458,Gears 5,Abigail,ÌREÐ:757,1241-05-19
4812894769676073442318158,God of War,Liam,BNYC:719,1453-07-25
5206596446110298500555691,The Medium,Owen,EEÏÐ:264,1951-05-17
5222954139529277435433465,Diablo III,John,FÌXR:35,0938-07-19
5263192314083210531105869,Hitman 3,Peyton,ÜXÓT:825,1265-11-18
7030670802477156413053897,Far Cry 4,Lucas,GAÜÛ:459,1139-02-07
7054270934532276894336471,Overwatch,James,MXÐÒ:236,1240-12-18
7508626030901493916062425,NHL 21,Scarlett,ÌÑZÛ:961,1309-11-03
8533594419323448663406432,Fortnite,Andrew,SOÍP:136,1315-10-05
8533594419572034894387119,Hitman 3,Andrew,EÔ×D:666,1044-11-28
9272517895970161734980695,Starfield,Riley,TXÀS:572,1448-10-11
9273033050032645789107122,Among Us,Aubrey,ÛßEÅ:674,1032-05-27
9312076568594548362833797,Fallout 4,Emily,XJßV:293,1663-10-18
9345866609663766665820846,Overwatch,Avery,TCJÈ:936,1615-08-07
9346631437237549947871320,Starfield,Henry,MHÅÙ:673,1711-11-27
9346631438469131452930221,Overwatch,Henry,×AKÍ:672,1196-03-02
27406248920067635902148971,Overwatch,Sophia,UALÏ:446,1212-02-03
27428035304807817779102096,Overwatch,Amelia,ÀÚHZ:615,0942-07-11
27428035308385316086925406,Outriders,Amelia,ØÂHB:952,1253-05-09
27428035308644848622934774,Minecraft,Amelia,ÀÔHZ:665,1401-02-08
27428035320412006094694522,Far Cry 4,Amelia,JÝÙÀ:674,1857-05-10
27463047364876943938457654,Control,Victoria,ÛCÜÑ:443,1027-11-05
27485264386699758468522647,Far Cry 6,Olivia,ÀÏLD:585,1173-09-04
27583359404975479282284615,No Man's Sky,Mia,FÏßÜ:261,1082-11-16
30775703414354465671059131,Titanfall 2,Nora,GÒHM:346,0931-06-23
121275660951993195956824586,Elden Ring,Grace,EÜØB:814,1747-01-02
121275661078492099604071316,The Medium,Grace,ÞCTÖ:913,1429-09-28
125773995881381413520443158,God of War,Chloe,ÑJÂU:131,1585-05-16
126002445091412893235016942,Apex Legends,Zoe,ÈBÌÏ:683,1552-04-28
127668692567350384046624925,NHL 21,Charlotte,SSPÀ:927,1875-01-19
192705286227570387472038272,Far Cry 5,Hannah,ÃYYÚ:818,1800-10-27
192713274464750724578051305,Dying Light,Noah,AÌKÇ:986,1206-11-21
192767430904020223441262119,Hitman 3,Aaliyah,LOHD:486,1631-02-04
312838162852816794939379430,Dying Light,Liam,HÚÅS:299,1187-12-06
336862752911439640834540066,The Medium,Ethan,ÃUÚA:677,1091-01-28
339847266764716545724309257,FIFA 21,Benjamin,OQDÏ:326,1093-07-23
342100583748849201162396810,NBA 2K21,Jackson,QßZÏ:607,0928-02-14
345757474737077179161882022,Far Cry 6,Evelyn,ÁÃÍL:200,1182-03-13
456993601270475001422746985,Spider-Man,Lucas,ÂJÒU:434,1535-04-19
458527611314094705023324090,Diablo III,James,ZNÆX:48,1031-06-25
488060692008597783247200827,F1 2020,Scarlett,QABÐ:342,1175-10-23
488060692008597783247200827,F1 2020,Scarlett,ÌPQÖ:677,1965-10-08
554683637256897574263477096,Overwatch,Andrew,ÓÍÖÅ:148,1903-09-18
578683367858102463054613805,Dying Light,Alex,ÎVAA:249,1457-01-07
602027918211709517776264031,Outer Wilds,Lucy,ÏVÝÎ:261,1715-04-04
602734457872706919353441930,Dying Light,Zoey,KÊOY:237,1742-12-15
602747148252234740097544149,Minecraft,Aubrey,ÐÆYÓ:377,1616-11-14
605284975927140253593543336,Elden Ring,Emily,OÌÅI:137,1691-01-14
1761798344241846186278560247,Among Us,Samantha,ÐÀÉQ:59,0933-02-09
1781406179928128408727434485,Spider-Man,Sophia,SVÏK:370,1031-10-03
1785166271436850150826484364,Metro Exodus,Aria,DGUT:54,1578-07-19
1786542184649284941156136590,Diablo III,Olivia,DWÀÇ:866,1280-11-21
1793053942142176132007472093,Battlefield V,Mia,ÆÉ×Ï:47,1946-12-23
1793081416109789164460906129,Madden NFL 21,Mia,ÏVEÜ:603,1931-10-12
1855065575541028437845003880,Doom Eternal,Ella,OXÊÍ:198,1203-08-11
6472706693743936389128832555,Dying Light,David,A×IL:766,1962-06-10
8031078076813863332249805221,Overwatch,Natalie,ÇÃJÑ:392,1970-06-11
8031078076829467146687052547,Fallout 4,Natalie,ÒÔÃS:637,1476-12-24
8031141630988322049319232781,Outer Wilds,Ellie,Í×SÖ:800,1711-12-25
8190080776940852711110584569,Rocket League,Zoe,ÉYPN:545,1072-08-17
8190356769339468923982390504,Madden NFL 21,Zoe,ÂßÈÚ:739,1044-02-03
8298465016877771824742910779,Control,Charlotte,KÂßÇ:192,1644-10-26
12526362770142236633492499989,Metro Exodus,Noah,ÇMÓW:294,1788-12-18
12526364190401026419280020070,StarCraft II,Noah,UEÄÇ:465,1877-09-15
12979052779140671626308294577,F1 2020,Elizabeth,RÍAY:955,2012-06-05
18865408559050808772286491397,Far Cry 5,Michael,UÎGW:648,1792-08-04
18872831283778112315356024441,The Medium,Samuel,LJCH:797,1474-10-28
18874614484608435507683520055,Dying Light,Hazel,ÁOÎB:852,1099-01-15
20334481935625320992766348195,StarCraft II,Liam,ÙÍÛC:895,1405-07-15
22092763760458241656664974408,God of War,Justin,BÙXÌ:158,1775-09-14
22236526655216285998986216024,Minecraft,Madison,ßPFÈ:553,1962-10-28
22474234241984622648682975772,Far Cry 5,Madelyn,ÛÑPÕ:140,1368-10-07
22474235857060949465161068158,God of War,Evelyn,QÌZY:716,1701-09-19
28243428039801339223666571316,The Medium,Harper,MIÚK:556,1170-09-11
28243428039801339223666571316,The Medium,Harper,ÞTÁÑ:815,1548-01-01
29804294761629842865671059131,Titanfall 2,James,ÛÍKÁ:556,1489-01-14
36050830714643608672179575399,Minecraft,Matthew,UMËÈ:321,1606-07-19
39343523451213072503664935906,Outer Wilds,Emily,ÁÉWÇ:997,1664-06-02
39343666024298035830412832570,StarCraft II,Lily,MZFÊ:94,1951-12-11
115791401750516734673678871631,Titanfall 2,Sophia,RÅQÇ:273,1920-10-15
116031375116618721756629985005,Destiny 2,Victoria,ÁQJS:436,0917-06-14
116552538482919994799615141354,Cyberpunk 2077,Mia,ÈÏÐJ:846,1038-03-07
120569699084114635373141762256,Titanfall 2,Stella,ÈXOE:885,1937-08-08
120880733523526317470315707005,Doom Eternal,Layla,ÂÈÁÔ:665,1346-05-13
531395132073049265218362582005,Doom Eternal,Chloe,JÓÎÄ:775,1594-07-14
531395132712321593037056953114,Metro Exodus,Chloe,XSÃF:113,1741-09-06
533030639627999505067717784781,Outriders,Penelope,ZAÄY:298,0912-11-08
814179834259038138769582904656,Outer Wilds,Hannah,NNÄÆ:236,1658-08-14
814213788786709746371128839504,Mass Effect 3,Noah,ÖKßE:192,0950-11-11
843638430644143373656584890807,Fortnite,Elizabeth,VNËÔ:217,1593-07-12
948310418656931864500661365819,Rocket League,Levi,KÁÕN:544,1409-06-08
1121603553491162978584999378678,Borderlands 3,Jack,QÝÅJ:290,1929-05-09
1226447501853324957369589637086,Elden Ring,Gabriel,ÛDLÓ:555,1971-11-07
1226447501853548843706987240033,God of War,Gabriel,ÆUHJ:50,1431-09-22
1423245131553096694698410798192,Apex Legends,Ethan,VÞCÌ:326,1216-04-07
1460827507816853426289894336471,Overwatch,Brooklyn,ÅFÙÃ:872,1901-06-21
1930797966343930691702182675240,No Man's Sky,Lucas,QÞÈÂ:730,1114-04-18
2062056423736308174156038867721,Overwatch,Scarlett,MEMÖ:272,1071-08-06
2062056423736324096989167350772,Far Cry 5,Scarlett,ÆÕTB:167,1736-02-13
2557338119634166945714040272069,Rocket League,Lily,ËÅQS:851,0952-09-07
7542039382579367798166901262610,Spider-Man,Victoria,ÀÉÅÒ:474,1571-06-14
7542340693876481828557053515691,The Division 2,Aria,OÑDÔ:671,1967-02-06
7833160957127326197523332870691,The Last of Us,Mila,ZFPV:787,1315-11-05
8054963836475062966612473437566,The Division 2,Luna,ÉÐßY:881,1275-08-25
8451770351233374948866546191395,Dark Souls III,Nora,CVÒÄ:41,1958-04-26
8882100564717716867401070139580,Death Stranding,Eva,UÞRO:901,1630-06-20
27347185985239946460405067738053,Borderlands 3,David,XXBÇ:131,1935-01-07
33925415475426693666685393301320,StarCraft II,Sophie,F×ÌÁ:775,1482-07-21
34540683822664918116434968718629,Madden NFL 21,Chloe,IVQÕ:745,1256-07-17
34603565230767323911540789428834,Hogwarts Legacy,Zoe,ÞNÜH:221,1645-02-14
34840426516790016388956246406239,Metro Exodus,Claire,GËØV:753,1356-07-18
52921689227372651439535678768990,No Man's Sky,Hannah,ZHDB:261,1576-12-16
54836497991869323738587467784781,Outriders,Elizabeth,XÓAX:702,1613-04-17
61640197398642264945489312406979,Cyberpunk 2077,Levi,ËIEÄ:653,1607-03-28
79719087620483498712975359301305,Dying Light,Gabriel,Ë×ÞE:798,1734-12-26
85913195187520325035302544828854,Cyberpunk 2077,Liam,NBÍS:554,1466-11-27
93330555635259442096553217352566,The Medium,Benjamin,ÉÇÆN:508,1693-07-04
93949325118287424112069631732781,Outer Wilds,Madison,HEÐÓ:639,2012-08-27
119309642449348135017353027231649,Minecraft,Alexander,ØÁUJ:220,1026-10-08
119322420174584022712701695245754,Mass Effect 3,Tyler,ÍÃJD:523,1354-08-15
119337643705177984326688577425755,Doom Eternal,Oliver,ÎXÈØ:80,1124-04-22
125923145333747262822837329737718,Battlefield V,James,RWOÏ:199,1158-03-22
125923145361221230435869783171754,Madden NFL 21,James,ZBÐÇ:429,1081-07-05
134033667542860155052217614153235,Spider-Man,Scarlett,AÒÏÞ:841,1113-07-09
134033667542860237949028354427533,God of War,Scarlett,MÒDÝ:174,1724-12-21
165525956195203765220735442675770,Dark Souls III,Zoey,Â×ÅS:510,1710-12-11
165529435588063440739518411410130,Doom Eternal,Aubrey,ZÅÜÜ:148,1077-01-05
166829560421977407115447792347428,Borderlands 3,Avery,ÚÚÎS:943,1016-04-02
489607572697378658825776296131444,Rocket League,Amelia,OFÊC:45,1932-06-21
490252169121926313623792421126644,Resident Evil 3,Aria,ÖÄBÊ:670,1112-01-26
490629147535923881420810962550218,Battlefield V,Olivia,ÄRSS:947,1747-04-27
549365077808309456084593975700814,Civilization VI,Nora,ÛWVX:630,1129-04-26
549365588836210028972587248483557,Forza Horizon 4,Nora,TYZD:420,1649-01-26
576995696477869077194904938531770,Street Fighter V,Ava,ÀÁSJ:277,1936-04-03
577401467895836614006854679629392,Final Fantasy XV,Eva,ÔFÁÙ:861,1299-04-17
2238245754573272409209703459707570,StarCraft II,Adeline,DJÈÑ:983,1327-08-16
3439496114781126837584704869073879,Mass Effect 3,Elijah,ÞÀÁY:652,1680-04-22
3439909799666284731336617360584569,Rocket League,Hannah,ËßÕA:542,1216-04-16
3440052770594736774393614971794564,Civilization VI,Noah,KÑÅÍ:781,1929-07-16
4738774989428958177386310731673519,Resident Evil 2,Jack,ÔTDÈ:691,1497-09-24
5180912825525942043204804635078114,Metro Exodus,Michael,ÂPAÐ:531,1241-03-18
5181740695331334666966598313141942,Apex Legends,Gabriel,LÆYÜ:592,1086-02-06
5182951291538049666026723054656129,Madden NFL 21,Samuel,ÀOÐW:309,1179-07-16
5182951291550411793104197792347428,Borderlands 3,Samuel,MÓKI:289,1560-01-07
5584357569329276682047992860579769,Resident Evil 2,Liam,TUÂÝ:664,1493-01-18
6060144042091842694692565865061455,Death Stranding,John,ÔAXY:866,0900-07-06
6060145263001482706252046538313055,Devil May Cry 5,John,ÚBØÐ:335,1961-07-05
6171987022421629826685209155909593,Battlefield V,Evelyn,IDÆË:614,1315-02-06
8184928611247227091835160490957570,StarCraft II,Charles,ÑÇØÝ:436,1163-11-19
8712188390285916863030932278217156,Outer Wilds,Scarlett,OOÂÒ:982,0974-11-28
10758815603632881595958488694140691,The Division 2,Riley,ÉZNZ:938,1400-03-10
10804715128038695105929292131698816,The Last of Us,Emily,CNÞÞ:382,1542-01-16
10804715142895490407355352593656979,Cyberpunk 2077,Emily,QÏEB:39,1141-04-10
10804754749681020994336658632064144,Resident Evil 2,Lily,ÏGCB:770,1447-12-06
10843921428871428986167358208891354,Cyberpunk 2077,Avery,ÛWÂÀ:169,0914-03-21
31865116391398269988585112717438817,Apex Legends,Victoria,CÄÝÆ:152,1267-12-25
31890894584855142085667152679003895,Dark Souls III,Olivia,ÒÂAÍ:149,1580-11-18
33095150782731143329139942780328645,Street Fighter V,Mila,RRWC:899,1845-02-23
33111453603776048019163008391894520,Dark Souls III,Stella,ÍÕÁS:716,0940-05-01
33114137737369396293963398590875520,Street Fighter V,Ella,ÐYÀP:584,1310-09-16
33196872549425577710678438139875555,Devil May Cry 5,Layla,ÂÔÞO:671,1560-07-25
62222541202663356930609343731560189,Civilization VI,Jacob,ÝÇÁÎ:703,1305-12-04
140715013129059775050221129620232064,Civilization VI,Grace,ÓÁÑÃ:907,1322-02-21
143307005481259445477450794374251644,Resident Evil 2,Sadie,ÎHYÍ:694,1619-11-22
143361459666819264410102143348988053,Borderlands 3,Charlie,VËÕV:682,0990-11-20
145485974047379117241659842808527004,Mass Effect 3,Adeline,FXKZ:324,1323-08-23
145934389251088317235985811186750555,Devil May Cry 5,Chloe,ÕËMÆ:247,1910-08-26
146198059159700246321916950888571238,Bioshock Infinite,Zoe,SKÅÌ:137,1538-04-28
146198059159700246321916950888571238,Bioshock Infinite,Zoe,CÞØÒ:866,1428-09-26
146198977470545584040170582491899309,Horizon Zero Dawn,Zoe,ÕUDL:669,1169-07-09
146198977470545584040170582491899309,Horizon Zero Dawn,Zoe,ËZÛÑ:42,1226-08-03
223567247447359260688527955461776941,The Last of Us,Elijah,ÒCYU:515,0912-03-13
338475174658253109403649932655628678,Borderlands 3,Abigail,ÚÀOB:290,1041-11-26
362980535146178475386378642857355129,Mass Effect 3,William,ÖVÏC:431,2011-01-22
390858647906936606642495314300097645,Dark Souls III,Nathan,OJÇU:442,1814-03-07
390858694653842873256734984600700814,Civilization VI,Ethan,ÖABZ:262,1884-05-08
390858694653842873256734984600700814,Civilization VI,Ethan,ØÛÍÌ:677,1509-01-19
392547105627808326467493541521850709,Hogwarts Legacy,Aiden,ËYOÂ:349,0993-05-06
392548689842647331548128670012988270,Dark Souls III,Jayden,ÉÖÓÖ:291,1520-05-20
394321597558971028532638033059847630,Doom Eternal,Benjamin,VJÜÖ:671,1399-06-28
394321597558973088063755637541738820,StarCraft II,Benjamin,WIDÀ:882,1343-07-27
396928523816268040205472004091048519,Resident Evil 2,Aaron,ÁÀ×Î:553,1120-11-25
396935142304692744262399768983626644,Resident Evil 2,Mason,UÓÛÃ:44,1760-02-13
396944125473812600369893315354296941,The Division 2,Peyton,GÆÝÒ:21,1957-03-09
396944125473812600369893315354296941,The Division 2,Peyton,Ù×ÆÄ:246,1359-09-10
401179156461438182413084814263578854,Cyberpunk 2077,Evelyn,VÖÕH:926,1714-07-08
401179754334204336004209432785798192,Apex Legends,Brooklyn,UÂØK:103,1208-01-03
530245391075527836859422454781077080,Death Stranding,Lucas,ÂÌÚÄ:689,1051-04-13
566292245368583979547437891946566380,Doom Eternal,Scarlett,DRÐÉ:409,1441-04-10
671440931338368290185766803410098142,Final Fantasy XV,Alex,KQMÍ:538,1244-08-11
699323013773173102430037017071403939,Civilization VI,Riley,ÐXÑW:826,1770-08-06
699347139177860200460077823624797566,The Outer Worlds,Zoey,ÙÝQÑ:223,1422-06-17
702306484170347332032851246034407894,Resident Evil 2,Emily,ÞXJA:732,1286-01-10
704912575370972252646712587309797430,Devil May Cry 5,Henry,ÄPRN:400,1374-08-17
2066948889724078169854357879585764580,Death Stranding,Sophia,ÆÊ×Ö:26,0901-05-22
2152415433187416182051242359835649309,Horizon Zero Dawn,Ella,ËÔÝV:971,1869-10-22
2180727414881259824231494892783102488,Bioshock Infinite,Emma,FVTV:534,1597-04-14
2180728826797947122887291523194298924,Halo 5: Guardians,Emma,WJAI:238,1237-12-11
2321063945522095442641717627949991178,Ghost of Tsushima,Nora,WÑRA:380,1899-11-18
4044465152102663387405540470109172566,The Outer Worlds,Jacob,ÀßÐÒ:346,1160-10-26
9316767225430845759409507306825423519,Resident Evil 3,Sophie,ZQÓÇ:632,1163-09-01
9568052133055286832158062238466048519,Resident Evil 3,Claire,ÒÅAÜ:378,1793-11-24
14533618904832355238108380485197702307,Forza Horizon 4,Hannah,ËÅUÃ:849,1930-02-19
15059473261017113548180938491245175240,No Man's Sky,Elizabeth,ÒEVÜ:88,1795-09-19
21892827981939375197606619995064280205,Death Stranding,Daniel,LMÍK:559,1979-06-08
21892827981939375197606619995064280205,Death Stranding,Daniel,XKOÕ:799,1255-07-07
21897969205627679237145393493599436455,Death Stranding,Samuel,OÆÀÆ:20,1724-02-25
21897969206056140147030612621111694459,Hogwarts Legacy,Samuel,ÓÜAV:779,1938-05-05
23593734784501230670720815483323046941,The Division 2,William,FKOD:699,1213-04-12
25405812114442841728148636029969954769,Resident Evil 3,Nathan,ßKTÈ:785,1057-07-04
25801368155821838979037833081971907894,Resident Evil 3,Peyton,ÚWËI:31,1936-04-17
26076643295027628924607990501633593816,The Division 2,Madelyn,SKEÖ:301,1382-03-02
27342863217418346155716935222309027678,Grand Theft Auto V,Leo,ÎÉYÄ:308,1175-11-22
34581643740493345721877681735978313191,The Outer Worlds,James,ÉÎØR:576,1844-09-12
43643655705698980728814802649922647428,Ghost of Tsushima,Alex,ÊJÄS:473,1825-08-22
45404277732161450200451104541993127049,Halo 5: Guardians,Lucy,ËÏMÆ:699,1759-12-28
45455995869185796844868339237199016316,The Outer Worlds,Riley,HZÂÌ:536,0965-08-04
45649921469218118797494409039410407689,Mortal Kombat 11,Emily,ÓZÂÌ:573,1459-07-14
45650083749880802491914048977148506009,Rainbow Six Siege,Lily,MBMß:720,1123-10-19
134295675884815627136401196583468461809,Horizon Zero Dawn,Sofia,ÌÕÈK:898,1201-03-26
134351677896996270225550887958195254392,Final Fantasy XV,Sophia,ÍÞÚY:950,1615-06-06
134630116753663784479516574702727832020,Dark Souls III,Victoria,ËSÍF:976,1969-08-19
150869242458642811116007776804019300989,Watch Dogs: Legion,Nora,ÅKUH:952,1183-02-03
262890233073034671022508785346455850553,Ghost of Tsushima,Jacob,ÞÈÃP:394,1326-10-27
262890234902026071996125416370606408299,Halo 5: Guardians,Jacob,ÚTSU:568,1147-01-08
944571620518347508383973761608990485814,Mortal Kombat 11,Elijah,ÀÛØM:374,1320-01-11
944685228754815822126722945102677531941,The Outer Worlds,Hannah,QÙMA:982,1607-04-09
971623329822215208177031157459870172395,Street Fighter V,Joseph,ÏÅOÏ:987,1860-02-07
1423367998438612752545135601513775642064,Mortal Kombat 11,Samuel,IFÒÅ:337,1268-08-03
1430057612929946576641701123290962717705,Death Stranding,Abigail,ËORU:800,1596-11-08
1533592760992604013551847773999940657894,Resident Evil 3,William,ÃÉÌÆ:127,1534-10-14
1533604068971650599739634953008905119022,Kingdom Hearts III,Liam,XÀRN:696,1858-07-17
1651348004334911236183619048034588633053,Luigi's Mansion 3,Logan,VGÍÜ:874,1814-01-12
1651377981800938171894532162685644599759,Rainbow Six Siege,Ethan,OÅHÈ:123,1684-05-05
1651402371066223571287381678821232363767,Final Fantasy XV,Julian,ÜOUÜ:790,1328-05-05
1658518214606230233997567395558014703645,Street Fighter V,Jayden,ÖUÊP:75,1274-02-19
1666008749686655449777409983418108261316,The Last of Us,Benjamin,×ÌÄÂ:947,1222-03-24
1677055023052730496473693438556825423519,Resident Evil 2,Jackson,LÐÛR:850,1617-02-20
1694981814176819900054514150190126204769,Resident Evil 3,Madelyn,ÃXVW:427,1783-09-16
1694981935985753094822581544498429485066,The Outer Worlds,Evelyn,ÞÜAß:731,1743-11-20
1694984462062019413395529326991546191395,Dark Souls III,Brooklyn,CWÆX:648,1711-04-10
2148149519689306312430110361927186751644,Resident Evil 2,Eleanor,ARJS:640,1740-07-01
2148149519689378482686809214540434797430,Devil May Cry 5,Eleanor,ÎÃLC:537,1321-04-28
2392584736682272142524452603466429241945,Stardew Valley,Scarlett,ÁÏUJ:772,1864-07-06
2954741771807009256765253376470819181522,Kingdom Hearts III,Zoey,MVXØ:504,1334-06-08
2967255644625748381501909790502801603397,Kingdom Hearts III,Lily,ÑGIV:252,1296-10-19
8732859064039238885848464500152508554928,Luigi's Mansion 3,Sophia,ßWÛF:180,1264-05-19
8739801177359231072858450354976904365384,Rainbow Six Siege,Amelia,MVNÊ:518,1413-08-21
8739801178791552429437924441333985314549,Halo 5: Guardians,Amelia,OKJD:332,1191-12-12
8758036923707649426097267677875733361424,Halo 5: Guardians,Olivia,VKÃZ:449,1743-05-19
17087865465326193351873358868663471137053,Grand Theft Auto V,Jacob,ÓHÎF:387,1916-09-02
31730683472601232089771129563396137152678,Grand Theft Auto V,David,ÃÌÖÌ:573,1692-10-28
63626274527797304703975575510534300335695,Stardew Valley,Elizabeth,AWÏÐ:705,1350-03-26
92497198223500167262455815950001425680613,Bioshock Infinite,Daniel,WÎWK:241,1421-11-26
107341154114890311889221509918202109274363,Bioshock Infinite,Julian,ÒZÃA:179,1658-10-11
107341154116302228576520165714832520470799,Halo 5: Guardians,Julian,WKHO:680,1769-08-08
108290568729632731789208368881694598022584,Hogwarts Legacy,Benjamin,PÈQP:261,1459-06-19
108290568729633524237938495222047759016180,Devil May Cry 5,Benjamin,ÊWSÆ:948,1903-10-13
109010780452781543614049442476752705850553,Ghost of Tsushima,Peyton,ÇPÇR:81,1678-11-18
110173825842826088993629865869628826914303,Luigi's Mansion 3,Evelyn,ÚGÈÊ:525,1627-04-28
138455720664172379927038742267414307580174,Halo 5: Guardians,Harper,ÝLÂD:939,1634-05-17
138466349199610020543223775882819600381803,Ghost of Tsushima,Oliver,ÖØÏÏ:957,1110-01-08
155518007884348456815703770093497893014807,Forza Horizon 4,Scarlett,CVÇÝ:266,1683-01-03
567635839027442118529437361061559930509647,Kingdom Hearts III,Sophia,BÆBÂ:184,1669-12-24
568087076818145406585590295491283100043303,Grand Theft Auto V,Amelia,VLÄS:476,0989-10-15
568833579195611798915198662127729399695836,Elder Scrolls Online,Aria,HÛJS:360,1283-09-08
2559061371096055239997941494703884375068509,Rainbow Six Siege,Natalie,ËTWS:707,1969-05-08
2627626316994114891311766980912273090277678,Grand Theft Auto V,Claire,ËJGØ:322,1121-06-03
2644262832582415863888746050169544374251644,Resident Evil 2,Charlotte,ÛEÓÖ:729,1622-09-01
3990815096428680562555526777082986880629114,Watch Dogs: Legion,Elijah,TÀÑÌ:478,1848-10-03
3990815096428680562555526777082986880629114,Watch Dogs: Legion,Elijah,YÂYÙ:953,1060-04-08
4135707844306824804955970769087871355835084,Hogwarts Legacy,Elizabeth,ÃÓÆY:220,1395-09-26
6011364580398567916752054040004940283271634,Rainbow Six Siege,Michael,ÙLBM:997,1292-04-03
6013729793282468561634238016560064569181522,Kingdom Hearts III,Samuel,THIC:729,2023-07-08
7161309352212006274720403809009860978313191,The Outer Worlds,Brooklyn,EËÞÒ:980,1211-07-12
9000312698201318384414692194393621698087772,Kingdom Hearts III,Oliver,KÒÃÒ:139,1723-03-04
10108670512482637197886309055585102692438020,Street Fighter V,Scarlett,ÃÝÅA:751,1884-11-14
12469149381873123613037224977435346587195836,Elder Scrolls Online,Lucy,ÂÌËM:7,0952-09-11
38400004059240825486373439067595952363692519,Red Dead Redemption 2,Mila,BÞDÅ:649,1913-03-10
41432447505925354771127676429946817318384289,Monster Hunter: World,Nora,ÖEÌO:123,1571-06-20
67287682867704276860782235950984235747352086,Elder Scrolls Online,Caleb,TEÒÑ:635,1651-06-14
134062136863042117294621277769066771806083115,Need for Speed: Heat,David,TIÄQ:392,1428-04-22
168806011756121089955371937115502422016058928,Grand Theft Auto V,Adeline,ÇÚÈU:780,1981-09-18
268821009879943657285781088136492779644782689,Mortal Kombat 11,Elizabeth,ÉÚFÓ:85,1348-08-21
357393062164102378777801351543237726747298519,Resident Evil Village,Jack,XÐÚF:332,1218-03-23
390738697725967130742605237631048746157972864,Watch Dogs: Legion,Michael,ÉPÄZ:526,1360-12-17
421162911987318104733578488081717081118910364,Watch Dogs: Legion,William,QFÙD:738,1622-06-07
457527652882697206179958999039070423800493059,Horizon Zero Dawn,Benjamin,ÜLCÑ:820,1473-09-23
465484380718174059906871044108826147332853397,Kingdom Hearts III,Madelyn,ÞTÀÝ:746,1633-05-13
584883056835690919034228798927849591168220189,Mortal Kombat 11,Alexander,ÏØEA:85,2023-04-03
584945694740146342551458791506041761382117711,Elder Scrolls Online,Tyler,BÚÁA:661,1230-05-03
2371863893352207388422165978340428416889105803,Grand Theft Auto V,Samantha,ÅÓÖS:123,1099-07-23
2400167898335308371286128340093936201079383336,Elder Scrolls Online,Amelia,ÙÚËÆ:903,1094-10-04
2403231727875728925482217975699766702700941614,Watch Dogs: Legion,Victoria,NØSZ:375,1390-05-05
4692754972162729524231492252122600473324243664,Monster Hunter: World,Jacob,FÀÀO:233,1553-09-19
11172010467660701560738396458665446570821084928,Ghost of Tsushima,Charlotte,ßJXX:550,1807-05-21
11172010467660701560738396458665446570821084928,Ghost of Tsushima,Charlotte,OÀÞÆ:510,1791-09-08
16861193782159791665225188789709796186430945836,Elder Scrolls Online,Elijah,UÏFB:738,1731-09-02
52742165922220557234772905319298499577851973769,Red Dead Redemption 2,Riley,IËGÝ:908,1450-06-05
52967175824411593553635970865662862818300032894,Resident Evil Village,Emily,ÏÅVÔ:345,1619-06-23
155886992237741962078676782341212560694276595394,Resident Evil Village,Sophia,SÛÛÜ:245,1179-10-24
156891929648421092496521808630115321279577786941,The Witcher 3: Wild Hunt,Mia,WWDÕ:836,1088-06-03
1966671508533439699872905034097984351392729773961,Elder Scrolls Online,Madelyn,ÆZÓY:427,1918-10-01
10153654050275115984334052364401768948516190848740,Need for Speed: Heat,Victoria,MÌÃË:96,1072-05-09
11957971000031525810392744412856879626525282758696,Tom Clancy's The Division,Eva,I×ÎY:643,1192-11-27
45681385491168231612339172890653271963160096907894,Resident Evil Village,Charlie,ÒWÙÐ:537,1333-05-10
71228962981816348252563432573285334670971408322492,Pokemon Sword and Shield,Leah,ÊÎQÂ:89,1942-12-08
126481565146833173805462765414920180995859066431164,Monster Hunter: World,Madison,ÛÂÎ×:947,1138-07-23
180446086566884154256273585122059003485914214148961,Elder Scrolls Online,Scarlett,ËCNÙ:98,1330-04-14
222445610467561928805147265578257130328064396426267,Final Fantasy VII Remake,Ruby,ÇÞÀE:909,1760-06-26
222843331392786479571704793464455472174530460879392,Final Fantasy VII Remake,Zoey,YDÅX:818,1225-12-13
660012685202302666700037380461743970179579833578290,Shadow of the Tomb Raider,Aria,ÐÛÎF:207,1304-06-06
685462752899389845292992713136055925459207180282079,Mafia: Definitive Edition,Mila,TÈVN:558,1020-11-13
685856009048914323822847651024019876093209865828954,Mafia: Definitive Edition,Ella,OWBÜ:96,1730-09-18
703890692534122534617784356843708352510745587711787,Assassin's Creed Valhalla,Anna,HÐIB:841,1967-05-23
1201127201457948779903261472968317157557607702786941,The Witcher 3: Wild Hunt,Caleb,ÑHÔB:941,1985-12-21
13906824505729692565130448244400040702287967267399287,Assassin's Creed Valhalla,Alex,KYUÄ:131,0923-10-19
13906824630643462241415924874223035354687278645407845,Sekiro: Shadows Die Twice,Alex,IXOE:578,1390-01-28
14458964676472076610241987186312399883343284504782845,Sekiro: Shadows Die Twice,Ruby,ÙCÜÜ:441,1749-10-13
14484816833765218201447898443097094753355325344344579,Mafia: Definitive Edition,Zoey,ZÌPB:864,1507-10-01
14600087793109819013953022819027464674654846622988767,Final Fantasy VII Remake,Henry,ÉQÓL:921,0996-08-23
45167033968647234598096730617370215748287891542220394,Resident Evil 7: Biohazard,Emma,UVEÚ:628,1126-07-20
45167036136229605521002484178804924873031064931778385,Super Smash Bros. Ultimate,Emma,CÆCÕ:582,0948-07-07
48073680483494405672659426331182104894217588156542507,Uncharted 4: A Thief's End,Nora,ÈÎXÀ:419,1808-08-20
192968070678730027691183609556358076976481323673770017,Final Fantasy VII Remake,Sophie,VÚTP:443,0909-11-18
192968070686221576589391969193161975092223287634427566,The Witcher 3: Wild Hunt,Sophie,SWFJ:302,1786-01-22
198172661792835941605506815293965843053994662824039912,Assassin's Creed Odyssey,Claire,ÐYXE:779,1007-02-16
311910497566731003229510951136842020305865758271895644,Red Dead Redemption 2,Elizabeth,ÛFÉK:421,1185-01-25
453548829520245660017929391470728337413600088171536941,The Witcher 3: Wild Hunt,Samuel,ÎÉHT:388,1249-07-21
453548829520245660017929391470728337413600088171536941,The Witcher 3: Wild Hunt,Samuel,ÙÍÚA:250,1933-08-12
488674915732163562862589343023465179451998807638964382,Uncharted 4: A Thief's End,Liam,HÆCY:675,1046-04-28
528478226147069464404266235452437610732260590031191892,Final Fantasy VII Remake,Jayden,ÞÕÍÚ:650,1564-11-15
528649235093401875164149188987241204628047086447558132,Uncharted 4: A Thief's End,Owen,ÁÄMN:728,1954-12-27
534374682910539171638675917743219462516700042128461821,Tom Clancy's The Division,Aaron,ÉNÑÏ:261,1174-08-15
678741495459409682791986342201595803233323581281071162,Assassin's Creed Odyssey,Harper,YÔOO:656,2001-04-12
2784892311156091111312799553235935551980108560207625829,Mafia: Definitive Edition,Amelia,VßØÊ:808,1538-05-08
12313665626006958699476887783970620269273258899843001644,Resident Evil 7: Biohazard,Grace,ÄADH:12,1139-05-23
19566238117056196847580456586517114551225275338772078954,Mafia: Definitive Edition,Hannah,VÊÅÁ:599,1830-10-22
29469079106744650362032834450398431084447467754855588117,Pokemon Sword and Shield,Michael,MVÝM:839,1683-09-15
29480673918200184004343489007498991246120397861066227412,Assassin's Creed Valhalla,Samuel,NÙQÄ:470,1868-06-28
29480673918622251202493847662910759468558226836562055571,Tom Clancy's The Division,Samuel,MJKÖ:60,0941-06-24
29619228632175874447110655694252112805756268985333805537,Assassin's Creed Odyssey,Abigail,SNKI:692,1673-11-12
34734999828449548436421093973943795331107321625187441892,Final Fantasy VII Remake,Madison,YSWJ:96,1999-08-10
35106318119357642958881468267999574140207235629620914912,Assassin's Creed Valhalla,Evelyn,ÞÍÛZ:124,1140-03-23
44115955371194298183368913782258680788372494434510970394,Resident Evil 7: Biohazard,Tyler,WÚÊJ:582,1791-12-28
44118197204510642429357542090524276913562387765529891454,Mafia: Definitive Edition,Harper,M×UË:938,1346-10-24
44118197204635039166987335790048929552037978194335531415,Shadow of the Tomb Raider,Harper,ÝDGY:588,1047-09-27
46556379380154215300122259666831633765050467588156542507,Uncharted 4: A Thief's End,James,ÀÖÁÑ:853,1812-12-26
61680323249892118052396194277148191766985949613303026882,Uncharted 4: A Thief's End,Avery,ÌLÕH:311,1154-02-02
800388266902314966848359135608192868206957147183781894441,The Elder Scrolls V: Skyrim,Grace,ÎÙÆÀ:795,0938-08-05
2223207795161576400333524270805778236981499122406774214149,Middle-earth: Shadow of War,Ethan,FKÝÕ:302,0952-08-04
2243178092770219329098563732668898509349474009610861620632,Uncharted 4: A Thief's End,Justin,ÑÑOÈ:964,1543-03-07
3016040590917582056298240336572727698881486222806340488191,The Elder Scrolls V: Skyrim,Lucas,GÞXV:853,1155-02-09
3221075424022985942533471258784255497808211410473361447492,Pokemon Sword and Shield,Scarlett,ÚÔUV:724,1549-05-28
3221075424022986432157118222320390040981815997009708926267,Final Fantasy VII Remake,Scarlett,ÖÙPÚ:479,1452-08-12
3221075424022993923706016430680026844879931738973669583816,The Witcher 3: Wild Hunt,Scarlett,OÆÉÑ:129,1469-10-01
3221075424022996343250182081662535384947749314792218571162,Assassin's Creed Odyssey,Scarlett,VCJØ:875,1365-02-12
3977892741366411742621182012498784100571055526548664082184,Hellblade: Senua's Sacrifice,Zoey,ÒSFÐ:362,1733-10-26
3994739847167013014906003716847823338182051296049396504059,Hellblade: Senua's Sacrifice,Lily,ÇÁTÎ:630,0975-04-11
11756824018536793971060790002628246141005614564481145175691,The Elder Scrolls V: Skyrim,Sophia,NÝAN:672,0988-08-20
11766783733274809579415862443780172638609378641419622393794,Call of Duty: Modern Warfare,Julia,ÜÊÃÕ:11,1986-05-15
11790720329835821002298905816474284126330474183621770175691,The Elder Scrolls V: Skyrim,Olivia,ÑPÅÏ:493,1242-05-20
12234955146741592789795880878306774206537771152283483198524,Middle-earth: Shadow of War,Camila,KÞWR:574,1617-05-16
23004954318074445774745463280678872602074711626343938800044,Call of Duty: Modern Warfare,Jacob,HKXQ:762,1309-08-11
124506859225996225865676626871658093580483445223905295214382,Uncharted 4: A Thief's End,Michael,HJÐI:78,1621-11-18
124526754459286596956829687504072356772328113056873475814144,Resident Evil 7: Biohazard,Gabriel,GGEÈ:161,1197-05-13
124555847306697660457917674815010009682793188022400670698524,Middle-earth: Shadow of War,Samuel,IDRF:971,1465-02-13
144510640818240904611904859857625471963394451068665319136024,Middle-earth: Shadow of War,Julian,KHÀÈ:916,1847-04-04
145132747081032419768617097543165095164466873731511112549445,Star Wars Jedi: Fallen Order,Aiden,JAIÛ:287,1044-02-07
146758415904980966828192516973748678915720740125241643222566,The Elder Scrolls V: Skyrim,Peyton,ÁÁXH:545,1341-02-28
148324415108185891933816424536722254171006265078795790571196,Tom Clancy's The Division,Brooklyn,RM×Ê:72,1213-10-14
186369952208305495569366069784968163593106144035290255978742,Pokemon Sword and Shield,Alexander,RIßZ:661,0958-02-16
196700702888484786625428466825754228892819364185148517597809,Hellblade: Senua's Sacrifice,James,ÆO×F:99,1636-05-09
259657166613538596634287058957966607350007970447355548847809,Hellblade: Senua's Sacrifice,Emily,ÐÛOÏ:655,1636-01-19
766396821367408139290529296589781365577028472537809650410309,Hellblade: Senua's Sacrifice,Olivia,WÄUÉ:896,1611-01-16
795728397343739142821224993085810553802489434220050966048519,Resident Evil 7: Biohazard,Isabella,ÍAÕK:120,1377-07-24
795728397343739142821224993085810553802489434220050966048519,Resident Evil 7: Biohazard,Isabella,IÌÖË:908,1136-12-02
2020820877352286455955126094667584601024115909523799111884712,Animal Crossing: New Horizons,Isaac,ÒDÛÙ:947,1299-11-11
3559903185079848572961486057961684510820118370448363661664946,Tom Clancy's The Division,Charlotte,DÊÞG:506,1425-05-26
5567797325627126294963075689675895268865871014987243056196196,Tom Clancy's The Division,Elizabeth,WDÝY:947,1736-04-20
9641072613562896572787179317429082360167512078399473468769684,Hellblade: Senua's Sacrifice,Evelyn,SÈFË:890,1042-04-17
49815793397065536516304787160989245429022746612019374063056587,Animal Crossing: New Horizons,Olivia,ÙZBÏ:77,1132-03-18
526125537590492722989086383616151916926247598011607939044941559,Hellblade: Senua's Sacrifice,Gabriel,ÌÄDX:211,1962-08-25
615957736383022124649491337933435304993419077265189911657026649,Middle-earth: Shadow of War,Benjamin,EØÕÚ:445,1146-02-03
14555964271846243229958606226964640244812666388679928614785712837,Animal Crossing: New Horizons,Natalie,ÍWRÙ:209,1949-09-22
40037252864896324817274842162742725881507030404477423005315753169,Call of Duty: Modern Warfare,Benjamin,ÊZÖJ:567,1654-02-13
40037252864896438552821200221599079826008907955364313023563721320,Star Wars Jedi: Fallen Order,Benjamin,QÇKZ:629,1472-04-01
40733592499085584735121878620271682836459592234567727940555908820,Star Wars Jedi: Fallen Order,Brooklyn,ÌFØÒ:484,1466-10-08
51181848125205897945096642494613386948128768612006471219426425691,The Elder Scrolls V: Skyrim,Alexander,ÉYÒN:821,1491-11-10
57498209490950323137157521842996438735420959792404478364202471919,Call of Duty: Modern Warfare,Scarlett,ÐWHR:837,1870-10-27
13680662261686349560799224503713326693796487745120534722738349802599,Wolfenstein II: The New Colossus,Olivia,BCEÜ:969,1839-03-01
14197238740203808620678581147122815944401122778717296329759367240799,Crash Bandicoot 4: It's About Time,Mila,HÏÚT:693,1584-04-22
95918158212850906797788286755527861002338068267553458039693916208849,Wolfenstein II: The New Colossus,Hannah,ÓÉØÛ:132,1311-04-10
168451337257365236159982738068590338441642809575486796108506925834549,Crash Bandicoot 4: It's About Time,Owen,R×ÃN:674,1648-04-05
168451337257365236159982738068590338441642809575486796108506925834549,Crash Bandicoot 4: It's About Time,Owen,ØEÃO:267,1708-05-03
172099171824745940278985362781957874010358239162004897420339668161974,Wolfenstein II: The New Colossus,Evelyn,ÃÔÈM:19,1974-10-21
1045679740967878981519131668532389778260753183272330982815941069482614,Metal Gear Solid V: The Phantom Pain,Ava,ÌÂÜX:641,1773-12-03
1735008133497800042820152440523658810010890068169746415821336515678299,Crash Bandicoot 4: It's About Time,Jacob,YÉÎß:878,1956-05-08
10121318995308512611853716508257093524701903066887743184392385566599474,Wolfenstein II: The New Colossus,William,CÏDS:674,1252-03-09
14785318298732325493782599034945710998572434561592589931694291837943924,Crash Bandicoot 4: It's About Time,Lucas,ÓNÄÚ:520,1370-10-04
57680446805525267600614748817353009159921442212453175204006456144584549,Crash Bandicoot 4: It's About Time,Amelia,ÑØ×H:305,1537-01-26
913772255058642789707844818783408956599587938542044784741607927091850174,Crash Bandicoot 4: It's About Time,Harper,ÄPPÄ:59,1295-04-16
16889348754784459955860817656126128733018199175710124026851860307462943924,Crash Bandicoot 4: It's About Time,Charlie,ÈØÅA:21,0977-01-06
83038636160778144009336564147866819205851543604540634564085137565825341989,Metal Gear Solid V: The Phantom Pain,Avery,ÌÑNÂ:598,1517-02-26
244208371770324497589306173282171901629869702157897987066729199608061670114,Metal Gear Solid V: The Phantom Pain,Olivia,ÓÔÆQ:419,1322-10-03
1712199072933581322117834052640968723121279752971152188851459157188628076364,Metal Gear Solid V: The Phantom Pain,Hannah,ÔZÔÑ:173,1121-03-22
1712199072933581322117834052640968723121279752971152188851459157188628076364,Metal Gear Solid V: The Phantom Pain,Hannah,ÍÙÃÇ:762,1838-02-13
15861307320789723359173283474323166402695131863084304545147269501001733283191,The Legend of Zelda: Breath of the Wild,Aria,ÃDPJ:735,1931-10-19
17212852010852813864860211130706240125997513535799422959148025065197260278205066,The Legend of Zelda: Breath of the Wild,James,GÒÊÀ:919,1589-07-16
22722035645455769576505921527985478611173495114613085013165211230053217309455066,The Legend of Zelda: Breath of the Wild,Emily,XÜEY:655,1119-08-18
291122816002671280402292033723210332976867053112579319534998637440686970485956567267566,The Legend of Zelda: Breath of the Wild,Alexander,ÞÂÄN:604,1906-07-21
